stateprovince,City
Alberta,Calgary
Alberta,Edmonton
Arizona,Chandler
Arizona,Gilbert
Arizona,Mesa
Arizona,Phoenix
Arizona,Scottsdale
Arizona,Surprise
Arizona,Tucson
British Columbia,Burnaby
British Columbia,Richmond
British Columbia,Surrey
British Columbia,Vancouver
British Columbia,Victoria
Brunswick,Saint John
California,Alhambra
California,Alpine
California,Auburn
California,Baldwin Park
California,Barstow
California,Bell Gardens
California,Camarillo
California,Canoga Park
California,Carson
California,Cerritos
California,Citrus Heights
California,City Of Commerce
California,Culver City
California,Daly City
California,Downey
California,El Cajon
California,El Segundo
California,Elk Grove
California,Escondido
California,Eureka
California,Fontana
California,Fremont
California,Fullerton
California,Gilroy
California,Hanford
California,Hayward
California,Irvine
California,La Mesa
California,Lake Elsinore
California,Lakewood
California,Milpitas
California,Modesto
California,Monrovia
California,Newark
California,Newport Beach
California,Norwalk
California,Ontario
California,Orange
California,Oxnard
California,Pleasanton
California,Redlands
California,Sacramento
California,San Bruno
California,San Diego
California,San Francisco
California,San Jose
California,San Mateo
California,San Ramon
California,San Ysidro
California,Sand City
California,Santa Ana
California,Santa Monica
California,Sherman Oaks
California,Simi Valley
California,Stockton
California,Torrance
California,Trabuco Canyon
California,Union City
California,Upland
California,Vacaville
California,Van Nuys
California,Visalia
California,Vista
California,Walnut Creek
California,Whittier
Colorado,Denver
Colorado,Englewood
Colorado,Greeley
Colorado,Longmont
Colorado,Loveland
Colorado,Parker
Colorado,Westminster
England,Abingdon
England,Basingstoke Hants
England,Berks
England,Berkshire
England,Birmingham
England,Bracknell
England,Cambridge
England,Gloucestershire
England,High Wycombe
England,Lancaster
England,Liverpool
England,London
England,Maidenhead
England,Milton Keynes
England,Oxford
England,Oxon
England,Reading
England,W. York
England,Warrington
England,West Sussex
England,Wokingham
England,Woolston
England,York
Idaho,Idaho Falls
Idaho,Lewiston
Idaho,Sandpoint
Illinois,Carol Stream
Illinois,Chicago
Illinois,Elgin
Illinois,Joliet
Illinois,Moline
Illinois,Norridge
Illinois,Peoria
Illinois,Tuscola
Illinois,West Chicago
Illinois,Wood Dale
Manitoba,Winnipeg
Michigan,Detroit
Michigan,Holland
Michigan,Howell
Michigan,Madison Heights
Michigan,Midland
Michigan,Monroe
Michigan,Novi
Michigan,Pontiac
Michigan,Port Huron
Michigan,Redford
Michigan,Saginaw
Michigan,Southfield
Michigan,Southgate
Michigan,Westland
Michigan,Zeeland
Minnesota,Branch
Minnesota,Duluth
Minnesota,Edina
Minnesota,Medford
Minnesota,Minneapolis
Minnesota,Woodbury
Missouri,Branson
Missouri,Ferguson
Missouri,Jefferson City
Missouri,Kansas City
Missouri,Odessa
Missouri,Saint Ann
Missouri,Saint Louis
Montana,Billings
Montana,Great Falls
Montana,Missoula
Nevada,Fernley
Nevada,Las Vegas
Nevada,North Las Vegas
Nevada,Reno
Nevada,Sparks
New Mexico,Las Cruces
New Mexico,Rio Rancho
New Mexico,Santa Fe
Ontario,Aurora
Ontario,Barrie
Ontario,Brampton
Ontario,Chalk Riber
Ontario,Etobicoke
Ontario,Kanata
Ontario,Kingston
Ontario,Markham
Ontario,Mississauga
Ontario,Nepean
Ontario,North York
Ontario,Ottawa
Ontario,Richmond Hill
Ontario,Scarborough
Ontario,Toronto
Ontario,Vancouver
Ontario,Waterloo
Ontario,Weston
Oregon,Albany
Oregon,Beaverton
Oregon,Clackamas
Oregon,Hillsboro
Oregon,Klamath Falls
Oregon,Medford
Oregon,Milwaukie
Oregon,Portland
Oregon,Salem
Oregon,Springfield
Oregon,Tigard
Oregon,Troutdale
Quebec,Brossard
Quebec,Dorval
Quebec,Hull
Quebec,Montreal
Quebec,Outremont
Quebec,Pnot-Rouge
Quebec,Quebec
Quebec,Sainte-Foy
Quebec,Sillery
Quebec,Ville De'anjou
South Dakota,Denby
South Dakota,North Sioux City
Texas,Arlington
Texas,Austin
Texas,Baytown
Texas,Carrollton
Texas,Cedar Park
Texas,College Station
Texas,Corpus Christi
Texas,Dallas
Texas,Fort Worth
Texas,Garland
Texas,Hillsboro
Texas,Houston
Texas,Humble
Texas,Irving
Texas,Killeen
Texas,La Marque
Texas,Laredo
Texas,Mesquite
Texas,Plano
Texas,Round Rock
Texas,San Antonio
Texas,Stafford
Texas,Sugar Land
Utah,Bountiful
Utah,Cedar City
Utah,Ogden
Utah,Park City
Utah,Riverton
Utah,Salt Lake City
Utah,Sandy
Utah,Tooele
Washington,Bellevue
Washington,Bellingham
Washington,Bothell
Washington,Chehalis
Washington,Ellensburg
Washington,Everett
Washington,Federal Way
Washington,Issaquah
Washington,Kelso
Washington,Kennewick
Washington,Kent
Washington,Kirkland
Washington,Lacey
Washington,Longview
Washington,Lynnwood
Washington,North Bend
Washington,Port Orchard
Washington,Puyallup
Washington,Redmond
Washington,Renton
Washington,Seattle
Washington,Sequim
Washington,Shelton
Washington,Spokane
Washington,Tacoma
Washington,Union Gap
Washington,Washougal
Washington,Wenatchee
Washington,Woodinville
Wisconsin,Johnson Creek
Wisconsin,Milwaukee
Wisconsin,Mosinee
Wisconsin,Racine
Wyoming,Casper
Wyoming,Cheyenne
Wyoming,Rock Springs